Scrip Code,COMPANY,Close Price,ISIN Code
523395,3M India Ltd,12842.15,INE470A01017
500002,ABB India Ltd,1161,INE117A01022
533096,Adani Power Ltd,27.7,INE814H01011
532480,Allahabad Bank,84.1,INE428A01015
522275,Alstom T&D India Ltd,320.8,INE200A01026
500008,Amara Raja Batteries Ltd,957.2,INE885A01032
508869,Apollo Hospitals Enterprise Ltd,1348.85,INE437A01024
500477,Ashok Leyland Ltd,87.7,INE208A01029
500034,Bajaj Finance Ltd,11020,INE296A01016
532978,Bajaj Finserv Ltd,2966.4,INE918I01018
500490,Bajaj Holdings and Investment Ltd,1811.75,INE118A01012
532149,Bank of India,117.05,INE084A01016
509480,Berger Paints India Ltd,260.4,INE463A01038
500049,Bharat Electronics Ltd,1219.65,INE263A01016
500493,Bharat Forge Ltd,850.65,INE465A01025
532523,Biocon Ltd,917,INE376G01013
526612,Blue Dart Express Ltd,5415.5,INE233B01017
500825,Britannia Industries Ltd.,3453.8,INE216A01022
532321,Cadila Healthcare Ltd,380.65,INE010B01027
532483,Canara Bank,280.3,INE476A01014
500870,Castrol India Ltd,447.9,INE172A01027
500830,Colgate-Palmolive India Ltd,950.75,INE259A01022
531344,Container Corp Of India,1394.05,INE111A01017
500092,CRISIL Ltd,2194.1,INE007A01025
500480,Cummins India Ltd,920.5,INE298A01020
532488,Divi's Laboratories Ltd,1325.25,INE361B01024
531162,Emami Ltd,1148.05,INE548C01032
500086,Exide Industries Ltd,185.35,INE302A01020
500676,GlaxoSmithKline Consumer Healthcare Ltd,6268.3,INE264A01014
500660,GlaxoSmithKline Pharmaceuticals Ltd,3035,INE159A01016
532296,Glenmark Pharmaceuticals Ltd,842.35,INE935A01035
532754,GMR Infrastructure Ltd,13.63,INE776C01039
500164,Godrej Industries Ltd,422.45,INE233A01035
517354,Havells India Ltd,418.2,INE176B01034
500104,Hindustan Petroleum Corp Ltd,1216.1,INE094A01015
500116,IDBI Bank Ltd,72.9,INE008A01015
535789,Indiabulls Housing Finance Limited,819.55,INE148I01020
532814,Indian Bank,224.55,INE562A01011
500850,Indian Hotels Co Ltd,130.2,INE053A01029
532532,Jaiprakash Associates Ltd,11.66,INE455F01025
532286,Jindal Steel & Power Ltd,85.45,INE749A01030
533148,JSW Energy Ltd,77.65,INE121E01018
500228,JSW Steel Ltd,1755.35,INE019A01020
500165,Kansai Nerolac Paints Ltd.,370.6,INE531A01024
533519,L&T Finance Holdings Ltd,97,INE498L01015
500253,LIC Housing Finance Ltd,572.75,INE115A01026
532720,Mahindra & Mahindra Financial Services Ltd,355.35,INE774D01024
500109,Mangalore Refinery & Petrochemicals Ltd,78.55,INE103A01014
531642,Marico Ltd,291.6,INE196A01026
526299,MphasiS Ltd,567.2,INE356A01018
500290,MRF Ltd,37449,INE883A01011
532234,National Aluminium Co Ltd,47.15,INE139A01034
513683,NLC India Ltd,77.45,INE589A01014
533273,Oberoi Realty Ltd,303.25,INE093I01010
532466,Oracle Financial Services Software Ltd,3457.1,INE881D01027
500315,Oriental Bank Of Commerce,125.6,INE141A01014
532827,Page Industries Ltd,14790.8,INE761H01022
532522,Petronet LNG Ltd,351.35,INE347G01014
500331,Pidilite Industries Ltd,698.15,INE318A01026
500302,Piramal Enterprises Ltd,1838.7,INE140A01024
500459,Procter & Gamble Hygiene & Health Care Ltd,6677,INE179A01014
500111,Reliance Capital Ltd,531.85,INE013A01015
532712,Reliance Communications Ltd,53.9,INE330H01018
500390,Reliance Infrastructure Ltd,595.9,INE036A01016
532939,Reliance Power Ltd,53.2,INE614G01033
532498,Shriram City Union Finance Ltd.,2127.05,INE722A01011
511218,Shriram Transport Finance Co Ltd,1237.55,INE721A01013
533206,SJVN Ltd,28,INE002L01015
532733,Sun TV Network Ltd,473.1,INE424H01027
500770,Tata Chemicals Ltd,554.4,INE092A01019
500483,Tata Communications Ltd,525.7,INE151A01013
500800,Tata Global Beverages Ltd,140.1,INE192A01025
500114,Titan Co Ltd,418.15,INE280A01028
500420,Torrent Pharmaceuticals Ltd,1628.85,INE685A01028
532779,Torrent Power Ltd,188.4,INE813H01021
532477,Union Bank of India,141.55,INE692A01016
532478,United Breweries Ltd,815.15,INE686F01025
512070,UPL Ltd,638.25,INE628A01036
511389,Videocon Industries Ltd,103.85,INE703A01011
532300,Wockhardt Ltd,817.5,INE049B01025
532648,Yes Bank Ltd,1362.8,INE528G01019
505537,Zee Entertainment Enterprises Ltd,539.65,INE256A01028
532628,3i INFOTECH LIMITED,5.25,INE748C01020
512161,8K Miles Software Services Ltd,1995.2,INE650K01013
533292,A2Z Infra Engineering Limited,38.65,INE619I01012
524348,Aarti Drugs Ltd,488.7,INE767A01016
524208,Aarti Industries Ltd.,617.55,INE769A01020
523204,Aban Offshore Ltd,216.6,INE421A01028
500488,Abbott India Ltd,4665.75,INE358A01014
532682,ABG Shipyard Ltd,27.35,INE067H01016
532268,Accelya Kale Solutions Limited,1246.2,INE793A01012
524091,Acrysil Ltd,589.3,INE482D01016
532762,Action Construction Equipment Ltd.,45.75,INE731H01025
539254,Adani Transmission Ltd,39.65,INE931S01010
538365,Adhunik Industries Ltd,127.9,INE452L01012
530117,Adi Finechem Ltd,385.6,INE959A01019
539056,Adlabs Entertainment Ltd,79.75,INE172N01012
500003,Aegis Logistics Ltd,131.05,INE208C01025
500215,Agro Tech Foods Ltd.,531.25,INE209A01019
532811,Ahluwalia Contracts Ltd,305,INE758C01029
532683,AIA Engineering Ltd,1278.55,INE212H01026
532331,Ajanta Pharma Ltd,1899,INE031B01049
513349,Ajmera Realty & Infra India Ltd,141.9,INE298G01027
532351,Aksh Optifibre Ltd,14.4,INE523B01011
500710,Akzo Nobel India Ltd,1715.9,INE133A01011
506235,Alembic Ltd,38.35,INE426A01027
533573,Alembic Pharmaceuticals Ltd,628.6,INE901L01018
531147,Alicon Castalloy Ltd,293.5,INE062D01024
506767,Alkyl Amines Chemicals Ltd,316.4,INE150B01021
532749,AllCargo Logistics Ltd,185,INE418H01029
521070,Alok Industries Ltd,2.99,INE270A01011
526397,Alphageo (India) Ltd,932.4,INE137C01018
532309,Alstom India Ltd,610.55,INE878A01011
531978,Ambika Cotton Mills Ltd,822.1,INE540G01014
520077,Amtek Auto Ltd,44.7,INE130C01021
515055,Anant Raj Industries Ltd,57.6,INE242C01024
532418,Andhra Bank,60.25,INE434A01013
500013,Ansal Properties & Infrastructure Ltd,19.8,INE436A01026
506260,Anuh Pharma Ltd,179.3,INE489G01022
532259,Apar Industries Ltd,551.9,INE372A01015
523694,Apcotex Industries Ltd,382.85,INE116A01024
533758,APL Apollo Tubes Ltd,966.05,INE702C01019
500877,Apollo Tyres Ltd,183,INE438A01022
532475,Aptech Ltd,124.7,INE266F01018
532914,Arcotech Ltd,378.25,INE574I01027
516064,Arrow Greentech Ltd,439.85,INE570D01018
506074,Arshiya Ltd,28.55,INE968D01022
500101,Arvind Limited,311.45,INE034A01011
515030,Asahi India Glass Ltd,196.75,INE439A01020
532853,Asahi Songwon Colors Ltd,187.15,INE228I01012
535467,Ashapura Intimates Fashion Ltd.,370.8,INE428O01016
527001,Ashapura Minechem Ltd.,63.3,INE348A01023
523716,Ashiana Housing Ltd,162.9,INE365D01021
533271,Ashoka Buildcon Ltd,158.75,INE442H01029
532888,Asian Granito Limited,229.8,INE022I01019
533138,Astec Lifesciences Limited,420.95,INE563J01010
532493,Astra Microwave Products Ltd.,116.5,INE386C01029
532830,Astral Polytechnik Ltd,475.05,INE006I01046
506820,AstraZeneca Pharm India,1029.1,INE203A01020
532759,Atlanta Ltd/India,59.65,INE285H01022
531795,Atul Auto Ltd,446.9,INE951D01028
500027,Atul Ltd.,2225.85,INE100A01010
532668,AurionPro Solutions Ltd,128.35,INE132H01018
505010,Automotive Axles Ltd.,651.1,INE449A01011
512573,Avanti Feeds Ltd,549.35,INE871C01020
519105,AVT Natural Products Ltd,30.25,INE488D01021
532395,AXISCADES Engineering Technologies Ltd,206.15,INE555B01013
508933,AYM Syntex Ltd,80.9,INE193B01039
533229,Bajaj Corp Ltd,398.35,INE933K01021
500031,Bajaj Electricals Ltd,266.2,INE193E01025
500032,Bajaj Hindusthan Sugar Ltd,17.55,INE306A01021
532382,Balaji Telefilms Ltd,84.4,INE794B01026
502355,Balkrishna Industries Ltd,873.6,INE787D01026
500102,Ballarpur Industries Ltd,14.36,INE294A01037
523319,Balmer Lawrie & Co. Ltd.,696.05,INE164A01016
500038,Balrampur Chini Mills Ltd,107.2,INE119A01028
500039,Banco Products India Ltd,216.1,INE213C01025
532525,Bank Of Maharashtra,31.45,INE457A01014
500042,BASF India Limited,1132.35,INE373A01013
500043,Bata India Ltimited,533.9,INE176A01028
506285,Bayer CropScience Ltd/India,4010,INE462A01022
500048,BEML Ltd,1065.35,INE258A01016
533303,BF Investment Ltd,166.55,INE878K01010
532430,BF Utilities Ltd,612.05,INE243D01012
532930,BGR Energy Systems Ltd,115.85,INE661I01014
503960,Bharat Bijlee Ltd.,760.6,INE464A01028
533228,Bharat Financial Inclusion Ltd,818.15,INE180K01011
526666,Bhartiya International Ltd,548.15,INE828A01016
500055,Bhushan Steel Ltd,41.55,INE824B01021
500059,Binani Industries Ltd,109.35,INE071A01013
500335,Birla Corp Ltd,653.2,INE340A01012
506197,Bliss Gvs Pharma Ltd,148.45,INE416D01022
500067,Blue Star Ltd,500.75,INE472A01039
524370,Bodal Chemicals Limited,107.95,INE338D01028
501425,Bombay Burmah Trading Corp Ltd.,502.2,INE050A01025
500020,Bombay Dyeing & Manufacturing Co Ltd,44.45,INE032A01023
532929,Brigade Enterprises Ltd,169.8,INE791I01019
533276,BS Limited,6.38,INE043K01029
531373,Byke Hospitality Ltd/The,160.05,INE319B01014
532834,Camlin Fine Sciences Ltd,86.8,INE052I01032
511196,Can Fin Homes Ltd,1491,INE477A01012
532938,Capital First Ltd.,700.25,INE688I01017
538476,Capital Trade Links Ltd,79,INE172D01021
524742,Caplin Point Laboratories Ltd,1200.25,INE475E01018
513375,Carborundum Universal Ltd,274.55,INE120A01034
533260,Career Point Ltd,106.1,INE521J01018
532282,Castex Technologies Ltd,11.07,INE068D01021
519600,CCL Products (India) Ltd.,273.7,INE421D01022
500878,CEAT Ltd,894.15,INE482A01020
517544,Centum Electronics Limited,489.55,INE320B01020
500280,Century Enka Ltd.,257.5,INE485A01015
532548,Century Plyboards India Ltd,215.75,INE348B01021
500040,Century Textile & Industries Ltd,724.3,INE055A01016
532443,Cera Sanitaryware Ltd,2402.2,INE739E01017
500084,CESC Ltd,666.85,INE486A01013
500085,Chambal Fertilizers & Chemicals Ltd,67.95,INE085A01013
500110,Chennai Petroleum Corp Ltd,294.25,INE178A01016
511243,Cholamandalam Investment & Finance Co. Ltd.,1159.25,INE121A01016
534758,Cigniti Technologies Ltd,427.25,INE675C01017
532210,City Union Bank Ltd.,132.3,INE491A01021
506390,Clariant Chemicals India Ltd,730.35,INE492A01029
533288,Claris Lifesciences Ltd,253.15,INE562G01018
522295,CONTROL PRIN,265.05,INE663B01015
506395,Coromandel International Ltd,268.3,INE169A01031
532179,Corp Bank,42.8,INE112A01023
508814,Cosmo Films Ltd,359.4,INE757A01017
526550,Country Club Hospitality & Holidays Ltd,12.23,INE652F01027
533144,Cox & Kings Ltd,187.4,INE008I01026
534804,Credit Analysis & Research Ltd,1247.65,INE752H01013
512379,Cressanda Solutions Ltd,2.9,INE716D01033
532175,Cyient Ltd,500,INE136B01020
533146,D-Link India Ltd,85.9,INE250K01012
533309,Dalmia Bharat Ltd,1664.25,INE439L01019
532528,Datamatics Global Services Ltd,77.95,INE365B01017
533151,DB Corp Ltd,411.25,INE950I01011
530393,DB International Stock Brokers Ltd,17,INE921B01025
533160,DB Realty Ltd,49.55,INE879I01012
532772,DCB Bank Ltd,120.1,INE503A01015
523367,DCM Shriram Ltd,226.8,INE499A01024
500117,DCW Ltd,30,INE500A01029
512068,Deccan Gold Mines Ltd,56.75,INE945F01025
532760,Deep Industries Ltd,199.05,INE677H01012
500645,Deepak Fertilisers & Petrochemicals Corp. Ltd.,216.25,INE501A01019
506401,Deepak Nitrite Limited,113.7,INE288B01029
532848,Delta Corp. Ltd.,154.5,INE124G01033
533137,Den Networks Ltd,78.9,INE947J01015
532121,Dena Bank,37.1,INE077A01010
511072,Dewan Housing Finance Corp Ltd,290.7,INE202B01012
500119,Dhampur Sugar Mills Ltd.,109.3,INE041A01016
532180,Dhanlaxmi Bank Ltd,22.55,INE680A01011
507717,Dhanuka Agritech Ltd,760.95,INE435G01025
522163,Diamond Power Infrastructure Ltd,37.65,INE989C01012
500089,DIC India Ltd,563.55,INE303A01010
532839,Dish TV India Ltd,98.4,INE836F01026
532526,Dishman Pharmaceuticals & Chemicals Ltd,176.6,INE353G01020
522261,Dolphin Offshore Enterprises (India) Ltd,88.8,INE920A01011
523618,Dredging Corp Of India,452.05,INE506A01018
505242,Dynamatic Technologies Ltd.,2815.05,INE221B01012
532927,eClerx Services Ltd,1613.85,INE738I01010
532922,Edelweiss Financial Services Ltd,115.6,INE532F01054
532696,Educomp Solutions Ltd,12.82,INE216H01027
500125,EID Parry India Ltd,254.4,INE126A01031
500840,EIH Ltd,110.35,INE230A01023
500123,Elantas Beck India Ltd,1639.95,INE280B01018
505700,Elecon Engineering Co. Ltd.,57.4,INE205B01023
500128,Electrosteel Castings Ltd.,23.35,INE086A01029
533264,Electrosteel Steels Ltd,3.41,INE481K01013
522074,Elgi Equipments Ltd.,186.45,INE285A01027
504008,Emco Ltd.,29.35,INE078A01026
532178,Engineers India Ltd,261.7,INE510A01028
532700,Entertainment Network India,770.15,INE265F01028
523754,EPC Industrie Ltd,162.95,INE215D01010
533261,Eros International Media Ltd,217,INE416L01017
500495,Escorts Ltd,324.8,INE042A01014
532787,Ess Dee Aluminium Ltd.,61.05,INE825H01017
500135,Essel Propack Ltd.,223.4,INE255A01020
531508,Eveready Industries India Ltd,286.6,INE128A01029
508906,Everest Industries Ltd,264.15,INE295A01018
532511,Excel Crop Care Limited,1257.95,INE223G01017
500650,Excel Industries Ltd,315.95,INE369A01029
505790,Fag Bearings India Ltd,4090,INE513A01014
531599,FDC Ltd,188.4,INE258B01022
500139,Fedders Lloyd Corp. Ltd.,70.75,INE249C01011
500469,Federal Bank Ltd,68.8,INE171A01029
505744,Federal-Mogul Goetze India Ltd.,448.15,INE529A01010
532768,FIEM Industries Limited,1042.85,INE737H01014
526881,Financial Technologies India Ltd,76,INE111B01023
533333,Fineotex Chemical Ltd,27.4,INE045J01026
500144,Finolex Cables Ltd,443.8,INE235A01022
500940,Finolex Industries Ltd,485,INE183A01016
532809,Firstsource Solutions Ltd,43.8,INE684F01012
533638,Flexituff International Ltd,199.15,INE060J01017
500033,Force Motors Ltd,3108.4,INE451A01017
532843,Fortis Healthcare Ltd.,178,INE061F01013
533400,Future Consumer Enterprise Ltd,20.6,INE220J01025
536507,Future Lifestyle Fashions Limited,128.8,INE452O01016
505714,Gabriel India Ltd,117.8,INE524A01029
533265,Gallantt Ispat Ltd,583.8,INE528K01011
509550,Gammon India Ltd,17.25,INE259B01020
526367,Ganesh Housing Corp Ltd,79,INE460C01014
514167,Ganesha Ecosphere Ltd,214.05,INE845D01014
509557,Garware Wall Ropes Ltd,476.4,INE276A01018
532622,Gateway Distriparks Ltd,279.1,INE852F01015
532345,Gati Ltd,139.65,INE152B01027
532767,Gayatri Projects Ltd,685.25,INE336H01015
530343,Genus Power Infrastructures Ltd,45.6,INE955D01029
532285,Geojit BNP Paribas Financial Services Ltd,39.25,INE007B01023
532312,Geometric Ltd,231.2,INE797A01021
500171,GHCL Ltd,253,INE539A01019
511676,GIC Housing Finance Ltd,314.35,INE289B01019
507815,Gillette India Ltd,4470.8,INE322A01010
532715,Gitanjali Gems,44.8,INE346H01014
501848,Global Offshore Services Ltd,130.8,INE446C01013
533104,Globus Spirits Ltd,79.1,INE615I01010
506480,GOCL Corporation Ltd,259.65,INE077F01035
532734,Godawari Power & Ispat Ltd,55.5,INE177H01013
500163,Godfrey Phillips India Ltd,1208.6,INE260B01028
533150,Godrej Properties Ltd,358.95,INE484J01027
532630,Gokaldas Exports Ltd,74.6,INE887G01027
532786,GOL Offshore Ltd.,40.3,INE892H01017
530655,Goodluck India Ltd,114.15,INE127I01024
500168,Goodyear (India),561.8,INE533A01012
532543,GP Petroleums Ltd,57.8,INE586G01017
532482,Granules India Ltd,129.1,INE101D01020
509488,Graphite India Ltd.,74.7,INE371A01025
505710,Grauer & Weil (India) Ltd,29.75,INE266D01021
533282,Gravita India Ltd,30.45,INE024L01027
500620,Great Eastern Shipping Co Ltd/The,368.9,INE017A01032
501455,Greaves Cotton Ltd.,138.25,INE224A01026
526797,Greenply Industries Ltd.,269.95,INE461C01038
506076,Grindwell Norton Ltd,326.4,INE536A01023
511288,GRUH Finance Ltd.,330.45,INE580B01029
532775,GTL Infrastructure Ltd,2.18,INE221H01019
500160,GTL Ltd,11.4,INE043A01012
530001,Gujarat Alkalies & Chemicals Ltd.,315.55,INE186A01019
524226,Gujarat Ambuja Exports Ltd,88.4,INE036B01022
500173,Gujarat Fluorochemicals,591.55,INE538A01037
517300,Gujarat Industries Power,88.6,INE162A01010
532181,Gujarat Mineral Development Corp Ltd,96.6,INE131A01031
500670,Gujarat Narmada Valley Fertilizers and Chemicals Limited,153.7,INE113A01013
512579,Gujarat NRE Coke Ltd,3.13,INE110D01013
570003,Gujarat NRE Coke Ltd DVR,2.15,IN9110D01011
533248,Gujarat Pipavav Port Ltd,177.95,INE517F01014
500690,Gujarat State Fertilisers & Chemicals Ltd,75.9,INE026A01025
532702,Gujarat State Petronet Ltd,151.3,INE246F01010
538567,Gulf Oil Lubricants India Ltd,710.6,INE635Q01029
532708,GVK Power & Infrastructure Ltd,6.64,INE251H01024
533162,Hathway Cables and Datacom Ltd,30.2,INE982F01036
531531,Hatsun Agro Products Ltd,342.95,INE473B01035
508486,HawkiBO Cookers Ltd,2993.15,INE979B01015
517271,HBL Power Systems Ltd.,33.2,INE292B01021
500179,HCL Infosystems Ltd,39.85,INE236A01020
509631,HEG Ltd,177.5,INE545A01016
500292,HeidelbergCement India Ltd.,137.25,INE578A01017
505720,Hercules Hoists Ltd,164.55,INE688E01024
519552,Heritage Foods Ltd,751.8,INE978A01019
524669,HESTER PHARM,764.65,INE782E01017
532129,Hexaware Technologies Ltd,202.7,INE093A01033
517080,High Ground Enterprise Ltd,38.65,INE361M01021
524735,Hikal Ltd.,182,INE475B01022
509675,HIL Ltd.,622.45,INE557A01011
500183,Himachal Futuristic Communications Ltd,17.1,INE548A01028
514043,Himatsingka Seide,259.55,INE049A01027
532859,Hinduja Global Solutions Ltd,576.75,INE170I01016
500189,Hinduja Ventures Ltd,445.85,INE353A01023
500185,Hindustan Construction Co,27.5,INE549A01026
513599,Hindustan Copper,65.6,INE531E01026
533217,Hindustan Media Ventures Ltd,285.2,INE871K01015
500186,Hindustan Oil Exploration Co Ltd,49.35,INE345A01011
523398,Hitachi Home & Life Solutions (India) Ltd.,1536.85,INE782A01015
522064,Honda Siel Power Products Ltd,1281.05,INE634A01018
517174,Honeywell Automation India Ltd,9792.55,INE671A01010
500193,Hotel Leela Venture Ltd,18.1,INE102A01024
532873,Housing Development & Infrastructure Ltd,92.6,INE191I01012
500187,HSIL Ltd,347.8,INE415A01038
532662,HT Media,83,INE501G01024
532799,Hubtown Ltd,93,INE703H01016
509820,Huhtamaki PPL Ltd,282.5,INE275B01026
532835,ICRA Ltd.,3858.25,INE725G01011
507438,IFB Agro Industries Ltd,386,INE076C01018
505726,IFB Industries Ltd,390.05,INE559A01017
500106,IFCI Ltd,28.3,INE039A01010
532133,IFGL Refractories Ltd,135.9,INE023B01012
500199,IG Petrochemicals Ltd,174.8,INE204A01010
517380,Igarashi Motors India Ltd,713.6,INE188B01013
532636,IIFL Holdings Ltd,279.2,INE530B01024
532907,IL&FS Engineering & Construction Co. Ltd,49.55,INE369I01014
511208,IL&FS Investment Managers Ltd.,14.95,INE050B01023
533177,IL&FS Transportation Networks Ltd,73.8,INE975G01012
509162,Indag Rubber Ltd,185.35,INE802D01023
530005,India Cements Ltd,149.85,INE383A01012
500201,India Glycols,107.45,INE560A01015
532832,Indiabulls Real Estate Ltd,82.15,INE069I01010
532960,Indiabulls Ventures Ltd,27.9,INE274G01010
504741,Indian Hume Pipe Co Ltd,601.15,INE323C01030
532388,Indian Overseas Bank,26.65,INE565A01014
533329,Indian Terrain Fashions Ltd,146.5,INE611L01021
521016,Indo Count Industries Ltd,817.4,INE483B01018
532717,Indo Tech Transformers Ltd,200.1,INE332H01014
532612,Indoco Remedies Ltd.,315.35,INE873D01024
533257,INDOSOLAR LIMITED,7.3,INE866K01015
532514,Indraprastha Gas Ltd,799.45,INE203G01019
532150,Indraprastha Medical Corp. Ltd.,57.65,INE681B01017
506222,INEOS Styrolution India Ltd,571.8,INE189B01011
533154,Infinite Computer Solutions India Ltd,228,INE486J01014
532777,Info Edge (India) Ltd.,826.55,INE663F01024
500210,Ingersoll-Rand (India) Ltd,728.35,INE177A01018
532706,Inox Leisure,282.95,INE312H01016
539083,Inox Wind Ltd,188.5,INE066P01011
532851,Insecticides (India) Ltd.,478.5,INE070I01018
538835,Intellect Design Arena Ltd.,188.25,INE306R01017
502330,International Paper APPM Ltd,289.35,INE435A01028
533181,Intrasoft Technologies Ltd,433.9,INE566K01011
500214,Ion Exchange (India) Ltd,300.3,INE570A01014
524494,Ipca Laboratories Ltd,541.05,INE571A01020
532947,IRB Infrastructure Developers Ltd,226.4,INE821I01014
533033,ISGEC Heavy Engineering Ltd,4950.1,INE858B01011
509496,ITD Cementation India Ltd,143.05,INE686A01026
523610,ITI Ltd,29.45,INE248A01017
530773,IVRCL Ltd,5.29,INE875A01025
532940,J Kumar Infraprojects Ltd,172.7,INE576I01022
530007,J. K. Tyre Industries Ltd,131.95,INE573A01042
506943,J.B.Chemicals & Pharmaceuticals Ltd.,326.85,INE572A01028
532644,J.K. Cement Ltd.,792.05,INE823G01014
538422,Jackson Investments Ltd,7.38,INE508N01025
532705,Jagran Prakashan Ltd,190.35,INE199G01027
512237,Jai Corp Ltd,74.25,INE070D01027
500219,Jain Irrigation Systems Ltd,84.15,INE175A01038
570004,Jain Irrigation Systems Ltd DVR,50.75,IN9175A01010
532627,Jaiprakash Power Ventures Ltd,4.95,INE351F01018
532209,Jammu & Kashmir Bank Ltd,70.4,INE168A01041
520051,Jamna Auto Industries Ltd,221.1,INE039C01024
520066,Jay Bharat Maruti Ltd,170.65,INE571B01028
533207,Jaypee Infratech Ltd,9.49,INE099J01015
509715,Jayshree Tea & Industries Ltd,107.3,INE364A01020
514034,JBF Industries Ltd.,199.5,INE187A01017
532605,JBM Auto Components Ltd,221.35,INE927D01028
524731,Jenburkt Pharmaceuticals Ltd,351.75,INE354A01013
532617,Jet Airways India Ltd,539.55,INE802G01018
500227,Jindal Poly Films Ltd.,419.75,INE197D01010
500380,JK Lakshmi Cement Ltd,451.4,INE786A01032
532162,JK Paper Ltd.,59.5,INE789E01012
523405,JM Financial Ltd,66.4,INE780C01023
522263,JMC Projects India Ltd,242.7,INE890A01016
513691,JMT Auto Ltd,49.8,INE988E01028
532642,JSW Holdings Limited,1277.9,INE824G01012
533155,Jubilant FoodWorks Ltd,1173.35,INE797F01012
530019,Jubilant Life Sciences Ltd,537.15,INE700A01033
535648,Just Dial Ltd,496.1,INE599M01018
532926,Jyothy Laboratories Ltd,308.05,INE668F01031
513250,Jyoti Structures Ltd,13.1,INE197A01024
524109,Kabra Extrusiontechnik Ltd,112.55,INE900B01029
500233,Kajaria Ceramics Ltd.,1258,INE217B01028
522259,Kalindee Rail Nirman (Engineers) Lt,119.2,INE178D01010
522287,Kalpataru Power Transmission Ltd,260.5,INE220B01022
533302,Kalyani Investment Company Ltd,1316.4,INE029L01018
500235,Kalyani Steels Ltd,340.45,INE907A01026
506525,Kanoria Chemicals & Industries Ltd,70.8,INE138C01024
532652,Karnataka Bank Ltd,151.55,INE614B01018
532899,Kaveri Seed Co Ltd,359.5,INE455I01029
539276,Kaya Ltd,727.8,INE587G01015
532054,KDDL Ltd,229.65,INE291D01011
532714,KEC International Ltd/India,135.2,INE389H01022
517569,KEI Industries Ltd,116.3,INE878B01027
519602,Kellton Tech Solutions Ltd,119.9,INE164B01022
533289,Kesar Terminals & Infrastructure Ltd,260.15,INE096L01025
532732,Kewal Kiran Clothing,1813.45,INE401H01017
532967,Kiri Industries Ltd,290,INE415I01015
500241,Kirloskar Brothers,160.75,INE732A01036
500245,Kirloskar Ferrous Industries Ltd,84.55,INE884B01025
533293,Kirloskar Oil Engines Ltd,279.8,INE146L01010
521248,Kitex Garments Ltd,486.45,INE602G01020
532942,KNR Constructions Ltd,717.25,INE634I01011
512559,Kohinoor Foods Ltd,63.05,INE080B01012
523207,Kokuyo Camlin Ltd,78.2,INE760A01029
532924,Kolte-Patil Developers Ltd,118.95,INE094I01018
524280,Kopran Ltd,48.85,INE082A01010
532400,KPIT Technologies Ltd,127.45,INE836A01035
532889,KPR Mill Ltd,1138.45,INE930H01015
530813,KRBL Ltd,269.95,INE001B01026
533482,Kridhan Infra Limited,73.9,INE524L01026
500249,KSB Pumps Ltd,659.1,INE999A01015
532997,KSK Energy Ventures Ltd,28.05,INE143H01015
531882,Kwality Ltd,120.6,INE775B01025
526947,La Opala Rg Ltd.,551.7,INE059D01020
500252,Lakshmi Machine Works Ltd,4084.3,INE269B01029
534690,Lakshmi Vilas Bank Ltd.,143.4,INE694C01018
532778,Lanco Infratech Ltd,4.63,INE785C01048
500250,LG Balakrishnan & Brothers Ltd.,475.05,INE337A01034
526596,Liberty Shoes Ltd,171.2,INE557B01019
531241,LINC PEN PLA,285.9,INE802B01019
523457,Linde India Ltd,386.05,INE473A01011
517518,Lloyd Electric & Engineering Ltd,257.95,INE245C01019
533343,Lovable Lingerie Ltd,254.1,INE597L01014
532796,Lumax Auto Technologies Limited,424.75,INE872H01019
517206,Lumax Industries Ltd,652.7,INE162B01018
532368,Lycos Internet Ltd,11.21,INE425B01027
522241,M M Forgings Ltd,430.05,INE227C01017
531497,Madhucon Projects Ltd.,48.7,INE378D01032
524000,Magma Fincorp Ltd.,100.2,INE511C01022
500108,Mahanagar Telephone Nigam,21.45,INE153A01019
500266,Maharashtra Scooters Ltd.,1560.7,INE288A01013
500265,Maharashtra Seamless Ltd,224.2,INE271B01025
532756,Mahindra CIE Automotive Ltd,177.25,INE536H01010
533088,Mahindra Holidays & Resorts India Ltd,487.25,INE998I01010
532313,Mahindra Lifespace Developers Ltd,432.8,INE813A01018
539289,Majesco Ltd,484.9,INE898S01029
513269,Man Industries (India) Ltd.,54.45,INE993A01026
533169,Man Infraconstruction Ltd,48.85,INE949H01023
530011,Managalore Chemicals & Fertilizers Ltd.,45.65,INE558B01017
500268,Manali Petrochemicals Ltd.,30.7,INE201A01024
531213,Manappuram Finance Ltd,85.4,INE522D01027
533204,Mandhana Industries Ltd,112.1,INE087J01010
502157,Mangalam Cement Ltd,354.05,INE347A01017
539207,Manpasand Beverages Ltd,737.75,INE122R01018
524404,Marksans Pharma Ltd,40.75,INE750C01026
523704,Mastek Ltd,129.25,INE759A01021
532613,Maxwell Industries Ltd,65.15,INE450G01024
522249,Mayur Uniquoters Ltd,434.35,INE040D01038
533152,MBL Infrastructure Ltd,77.7,INE912H01013
532654,McLeod Russel India Ltd,182.05,INE942G01012
532629,McNally Bharat Engineering Co. Ltd.,67.7,INE748A01016
532865,Meghmani Organics Ltd,40.75,INE974H01013
539126,MEP Infrastructure Developers Ltd,43.8,INE776I01010
526235,Mercator Ltd.,50.55,INE934B01028
500126,Merck Ltd.,722.3,INE199A01012
513335,Metalyst Forgings Ltd,58.35,INE425A01011
538962,Minda Corporation Ltd,114.3,INE842C01021
532539,Minda Industries Ltd,1261.75,INE405E01015
532819,MindTree Ltd,563.8,INE018I01017
500279,Mirc Electronics Ltd,12.77,INE831A01028
526642,Mirza International Ltd,84.05,INE771A01026
513377,MMTC LTD,45.2,INE123F01029
533286,MOIL Ltd,250.75,INE490G01020
533080,Mold-Tek Packaging Ltd,213.6,INE893J01029
513446,Monnet Ispat & Energy Ltd,23.05,INE743C01013
524084,Monsanto India Ltd,2340,INE274B01011
538836,Monte Carlo Fashions Ltd,459.1,INE950M01013
500288,Morepen Laboratories Ltd,20,INE083A01026
517140,Moser Baer India Ltd,7.76,INE739A01015
532892,Motilal Oswal Financial Services Ltd,485.1,INE338I01027
532440,MPS Limited,646,INE943D01017
534312,MT Educare Limited,136.75,INE472M01018
500460,Mukand Ltd,55.7,INE304A01026
534091,Multi Commodity Exchange of India Limited,988.15,INE745G01035
526169,Multibase India Ltd,260.1,INE678F01014
520059,Munjal Auto Industries Ltd,85.2,INE672B01032
520043,Munjal Showa Ltd,178.45,INE577A01027
533398,Muthoot Finance Ltd,375.55,INE414G01012
500296,Nahar Spinning,116.8,INE290A01027
532641,Nandan Denim Ltd,122.35,INE875G01030
524816,Natco Pharma Ltd,684.65,INE987B01026
523630,National Fertilizers Ltd,33.6,INE870D01012
513023,Nava Bharat Ventures Ltd,238.25,INE725A01022
532504,Navin Fluorine International Ltd.,2379.75,INE048G01018
508989,Navneet Education Ltd,103.9,INE060A01024
534309,NBCC (India) Ltd,240.55,INE095N01023
500294,NCC Ltd/India,84.8,INE868B01028
532649,Nectar Lifesciences Ltd,36.3,INE023H01027
504112,Nelco Ltd,86.6,INE045B01015
505355,Nesco Ltd.,1729.15,INE317F01027
532798,Network 18 Media & Investments Ltd,45.95,INE870H01013
524558,Neuland Laboratories Ltd,982.2,INE794A01010
532529,NEW DELHI TELEVISION LTD,85,INE155G01029
500304,NIIT Ltd,92.6,INE161A01038
532541,NIIT Technologies Ltd,399.65,INE591G01017
523385,Nilkamal Ltd,1247,INE310A01015
500307,Nirlon Ltd,204.9,INE910A01012
533202,Nitesh Estates Limited,12.99,INE639K01016
532854,Nitin Fire Protection Industries Ltd,25.45,INE489H01020
532698,Nitin Spinners,67.9,INE229H01012
500730,NOCIL Ltd.,63.5,INE163A01018
532481,Noida Toll Bridge Co. Ltd.,22.75,INE781B01015
500672,Novartis India Ltd,702.15,INE234A01025
530367,NRB Bearings Ltd,117.55,INE349A01021
531209,Nucleus Software Exports Ltd,189.75,INE096B01018
504378,Nyssa Corporation Ltd,9.26,INE812K01027
502165,OCL India Ltd,816.85,INE290B01025
538607,Ojas Asset Reconstruction Company Ltd,17.25,INE457P01020
526415,OK Play India Ltd,147.3,INE870B01016
531092,OM Metals Infraprojects Ltd,45.25,INE239D01028
532880,Omaxe Ltd,163.7,INE800H01010
533317,OMKAR SPECIALITY CHEMICALS LIMITED,168.75,INE474L01016
532944,OnMobile Global Ltd,110.1,INE809I01019
532391,Opto Circuits India Ltd,11.93,INE808B01016
512626,Orbit Exports Ltd,247.05,INE231G01010
524372,Orchid Pharma Ltd,38,INE191A01019
513121,Oricon Enterprises Ltd,58.3,INE730A01022
530365,Orient Bell Ltd,155.45,INE607D01018
535754,Orient Cement Ltd,193.1,INE876N01018
533263,Orient Green Power Co. Ltd,10.04,INE999K01014
502420,Orient Paper & Industries Ltd.,69.35,INE592A01026
534076,Orient Refractories Ltd,106.25,INE743M01012
506579,Oriental Carbon & Chemicals Ltd,753.4,INE321D01016
531349,Panacea Biotec Ltd,106.2,INE922B01023
532780,Parsvnath Developers Ltd,17.05,INE561H01026
531120,Patel Engineering Ltd,47.6,INE244B01030
534809,PC Jeweller Ltd.,440.65,INE785M01013
503031,Peninsula Land Ltd,18.7,INE138A01028
513228,Pennar Industries Ltd.,44.2,INE932A01024
533179,Persistent Systems Ltd,623.7,INE262H01013
500680,Pfizer Ltd (India),1982.2,INE182A01018
506590,Phillips Carbon Black Ltd,247.45,INE602A01015
517296,Phoenix Lamps Ltd,143.3,INE455B01016
503100,Phoenix Mills Ltd,399.95,INE211B01039
523642,PI Industries Ltd,806.8,INE603J01030
523648,Plastiblends India Ltd,426.75,INE083C01022
534060,PMC Fincorp Ltd,0.4,INE793G01035
532366,PNB Gilts Ltd,28.2,INE859A01011
539150,PNC Infratech Ltd,121.5,INE195J01029
523628,Poddar Housing and Development Ltd,1008.95,INE888B01018
532486,Pokarna Ltd,777.65,INE637C01017
532254,Polaris Consulting & Services Ltd,184.05,INE763A01023
531768,Poly Medicure Ltd,391.85,INE205C01021
524051,Polyplex Corp. Ltd.,286.75,INE633B01018
522205,Praj Industries Ltd,91.45,INE074A01025
506022,Prakash Industries Ltd.,51.9,INE603A01013
533239,Prakash Steelage Ltd,1.27,INE696K01024
532718,Pratibha Industries Ltd,19.4,INE308H01022
526247,Premier Explosives Ltd,342.05,INE863B01011
533274,Prestige Estates Projects Ltd,185.7,INE811K01011
526109,Pricol Ltd.,111.65,INE605A01026
500338,Prism Cement Ltd,115.4,INE010A01011
534675,Prozone Intu Properties Ltd,26.3,INE195N01013
533344,PTC India Financial Services Ltd,36.95,INE560K01014
532524,PTC India Ltd,84,INE877F01012
532693,Punj Lloyd Ltd,23.15,INE701B01021
533295,Punjab & Sind Bank,52.75,INE608A01012
506618,Punjab Chemicals and Crop Protection Ltd,185.15,INE277B01014
532891,Puravankara Projects Ltd,50.5,INE323I01011
532689,PVR Ltd,1186.4,INE191H01014
532735,R Systems Intl,53,INE411H01032
532692,Radha Madhav Corporation Ltd,7.88,INE172H01014
532497,Radico Khaitan Ltd,105,INE944F01028
530047,Rai Saheb Rekhchand Mohota Spinning & Weaving Mills Ltd,88.4,INE313D01013
500339,Rain Industries Limited,45.9,INE855B01025
523523,Rainbow Papers Ltd,2.04,INE028D01025
532826,Raj Television Network Ltd,65.15,INE952H01027
531500,Rajesh Exports Ltd,441.55,INE343B01030
500355,Rallis India Ltd,226.85,INE613A01020
500260,Ramco Cements Ltd,577.2,INE331A01037
532369,Ramco Industries Ltd.,174.4,INE614A01028
532370,Ramco Systems Ltd,508.9,INE246B01019
532527,Ramkrishna Forgings Ltd,406.9,INE399G01015
524230,Rashtriya Chemicals & Fertilizers Ltd.,47.85,INE027A01015
520111,Ratnamani Metals & Tubes Ltd,553.95,INE703B01027
534597,RattanIndia Infrastructure Ltd,3.56,INE834M01019
533122,RattanIndia Power Ltd,10,INE399K01017
500330,Raymond Ltd.,413.15,INE301A01014
532805,Redington India Ltd,105.9,INE891D01026
530517,Relaxo Footwears Ltd,459.25,INE131B01039
533107,Reliance Defence and Engineering Ltd,64.8,INE542F01012
523445,Reliance Industrial Infrastructure Ltd.,445.05,INE046A01015
532915,Religare Enterprises Ltd,251.75,INE621H01010
535322,Repco Home Finance Ltd.,854.4,INE612J01015
532687,Repro India,430.8,INE461B01014
505509,Responsive Industries Ltd.,80.7,INE688D01026
520008,Rico Auto Industries Ltd.,62.4,INE209B01025
530251,Risa International Limited,1.2,INE001O01029
500366,Rolta India Ltd,64.45,INE293A01013
532983,RPG Life Sciences Ltd,425.85,INE105J01010
533284,RPP Infra Projects Ltd,184.95,INE324L01013
517447,RS Software India Ltd,81.5,INE165B01029
500350,RSWM Ltd,461.15,INE611A01016
500368,Ruchi Soya Industries Ltd,20.25,INE619A01027
531307,S R K Industries Ltd,9.98,INE951M01037
532900,S.E. Investments Ltd.,176,INE420C01042
532710,Sadbhav Engineering Ltd,296.2,INE226H01026
532034,Safal Herbs Ltd,7.58,INE880M01020
517059,Salzer Electronics Ltd,205,INE457F01013
504918,Sandur Manganese & Iron Ores Ltd.,576.45,INE149K01016
514234,Sangam (India) Ltd,265.5,INE495C01010
526521,Sanghi Industries Ltd.,83.3,INE999B01013
530073,Sanghvi Movers Ltd.,239.8,INE989A01024
500674,Sanofi India Ltd,4398.65,INE058A01010
504614,Sarda Energy & Minerals Ltd.,172.15,INE385C01013
532163,Saregama India Ltd,238.15,INE979A01017
532663,Sasken Communications Technologies,363.35,INE231F01020
502175,Saurashtra Cement Ltd,81.8,INE626A01014
534139,Schneider Electric Infrastructure Ltd.,134.75,INE839M01018
526807,SEAMEC Ltd,90.15,INE497B01018
530075,Selan Exploration Technology Ltd,195.05,INE818A01017
512529,Sequent Scientific Ltd,135.6,INE807F01027
505075,Setco Automotive Ltd,44.6,INE878E01021
531431,Shakti Pumps (India) Ltd,139.5,INE908D01010
509874,Shalimar Paints Ltd,201.5,INE849C01026
522034,Shanthi Gears Ltd.,124,INE631A01022
538666,Sharda Cropchem Limited,365.05,INE221J01015
535602,Sharda Motor Industries Ltd,1174.6,INE597I01010
532908,Sharon Bio-Medicine Ltd,8.96,INE028B01029
523449,Sharp India Ltd,61.8,INE207B01011
538685,Shemaroo Entertainment Limited,331.4,INE363M01019
530549,Shilpa Medicare Ltd,553.9,INE790G01031
533389,Shilpi Cable Technologies Ltd,197.45,INE510K01019
523598,Shipping Corp of India Ltd,66.35,INE109A01011
532776,Shivam Autotech Ltd,45.25,INE637H01024
532638,Shoppers Stop Ltd,388.6,INE498B01024
532670,Shree Renuka Sugars Ltd,16.95,INE087H01022
523236,Shrenuj & Co Ltd,2.23,INE633A01028
520151,Shreyas Shipping & Logistics Ltd,267.85,INE757B01015
520086,Sical Logistics Ltd.,162.7,INE075B01012
523838,Simplex Infrastructures Ltd,312.35,INE059B01024
505729,Singer India Ltd,185.95,INE638A01027
502742,Sintex Industries Ltd,74.95,INE429C01035
532795,Siti Networks Ltd,35.35,INE965H01011
503811,Siyaram Silk Mills Ltd,1344.05,INE076B01010
500472,SKF India Ltd,1398.5,INE640A01023
532419,Smartlink Networks Systems Ltd,89.95,INE178C01020
505192,SML Isuzu Ltd.,1394.55,INE294B01019
532815,SMS Pharmaceuticals Ltd,90.25,INE812G01025
538635,Snowman Logistics Limited,68.4,INE734N01019
532784,Sobha Limited,286.35,INE671H01015
532725,Solar Industries India Ltd,657.4,INE343H01029
507514,SOM Distilleries And Brewery,159.1,INE480C01012
531548,Somany Ceramics Ltd,590.25,INE355A01028
520057,Sona Koyo Steering Systems Ltd.,62.6,INE643A01035
532221,Sonata Software Ltd,154,INE269A01021
532218,South Indian Bank Ltd,22.5,INE683A01023
534425,Speciality Restaurants Ltd,90.15,INE247M01014
500285,SpiceJet Ltd.,58.95,INE285B01017
533121,SQS India BFSI Ltd,900.05,INE201K01015
523756,SREI Infrastructure Finance Ltd,82.25,INE872A01014
503806,SRF Ltd,1717.6,INE647A01010
513605,Srikalahasthi Pipes Ltd,304,INE943C01027
533569,SRS Limited,6.68,INE219H01039
533305,SRS Real Infrastructure Ltd,13.11,INE953I01023
515043,St-Gobain Sekurit India Ltd,39.65,INE068B01017
531723,Stampede Capital Limited,39.85,INE224E01028
536666,Star Ferro and Cement Ltd,119.25,INE935O01010
501061,State Bank Of Bikaner and Jaipur,680.1,INE648A01026
532200,State Bank of Mysore,535.3,INE651A01020
532191,State Bank of Travancore,533.7,INE654A01024
512531,State Trading Corp of India Ltd,114.6,INE655A01013
534748,Steel Exchange India Ltd,75.75,INE503B01013
513262,Steel Strips Wheels Ltd,573.3,INE802C01017
532531,Strides Shasun Ltd,951.3,INE939A01011
532348,Subex Limited,12.22,INE754A01014
517168,Subros Ltd,106.75,INE287B01021
506655,Sudarshan Chemical Industries,417.8,INE659A01023
532872,Sun Pharma Advanced Research Co Ltd,378.9,INE232I01014
520056,Sundaram Clayton Ltd,2440,INE105A01035
500403,Sundaram Fastners,290.65,INE387A01021
532711,Sunil Hitech Engineers Ltd,179.55,INE305H01010
506615,Sunrise Asian Ltd,3.97,INE917D01011
512179,Sunteck Realty Ltd,232.35,INE805D01026
523283,Superhouse Ltd,161.5,INE712B01010
532509,Suprajit Engineering Ltd,193.35,INE399C01030
509930,Supreme Industries,953.85,INE195A01028
532904,Supreme Infrastructure India Ltd,98.75,INE550H01011
500405,Supreme Petrochem Ltd.,205.15,INE663A01017
533298,Surana Solar Ltd,26.05,INE272L01022
500336,Surya Roshni Ltd,185.25,INE335A01012
521200,Suryalakshmi Cotton Mills Ltd,139.6,INE713B01026
532782,Sutlej Textiles and Industries Limited,743.95,INE645H01019
530239,Suven Life Sciences Ltd,192.4,INE495B01038
532667,Suzlon Energy Ltd,15.8,INE040H01021
503310,Swan Energy Ltd.,62.75,INE665A01038
500407,Swaraj Engines Ltd,1160.7,INE277A01016
532051,Swelect Energy Systems Ltd,367.2,INE409B01013
517385,Symphony Ltd,2303.2,INE225D01027
524470,Syncom Formulations India Ltd,2.64,INE312C01025
532276,Syndicate Bank,76.95,INE667A01018
539143,Synergy Bizcon Limited,335.05,INE945O01019
532390,Taj GVK Hotels & Resorts Ltd.,131.95,INE586B01026
532890,Take Solutions Ltd,169.45,INE142I01023
533200,Talwalkars Better Value Fitness Ltd,256.85,INE502K01016
531426,Tamilnadu Newsprint & Papers,320.45,INE107A01015
532790,Tanla Solutions Ltd,32.05,INE483C01032
532301,Tata Coffee Ltd.,128.15,INE493A01027
500408,Tata Elxsi Ltd,1580,INE670A01012
501301,Tata Investment Corp Ltd,570.85,INE672A01018
513434,Tata Metaliks Ltd.,457.2,INE056C01010
513010,Tata Sponge Iron Ltd.,617.5,INE674A01014
532371,Tata Teleservices Maharashtra Ltd,6.37,INE517B01013
533553,TD Power Systems Ltd,193.45,INE419M01019
533281,Techno Electric & Engineering Co. Ltd.,650.55,INE286K01024
532804,Technocraft Industries (India) Limited,341.85,INE545H01011
505400,Texmaco Infrastructure & Holdings Ltd.,42.6,INE435C01024
533326,Texmaco Rail & Engineering Ltd.,114.75,INE621L01012
522073,The Hi-Tech Gears Ltd,312.6,INE127B01011
500411,Thermax Ltd,837.05,INE152A01029
500413,Thomas Cook (India) Ltd,199,INE332A01027
505196,TIL Ltd,259.55,INE806C01018
507205,Tilaknagar Industries Ltd,15.6,INE133E01013
532856,Time Technoplast Ltd.,79.5,INE508G01029
522113,Timken India Ltd.,560.8,INE325A01013
504966,Tinplate Co. of India Ltd.,91.3,INE422C01014
532966,Titagarh Wagons Ltd,120.95,INE615H01020
526650,Tourism Finance Corp of India Ltd,43.95,INE305A01015
532928,Transformers and Rectifiers (India) Ltd,316.9,INE763I01018
533540,Tree House Education and Accessories Ltd,33,INE040M01013
500251,Trent Ltd.,2177.25,INE849A01012
505854,TRF Ltd.,297.75,INE391D01019
534369,Tribhovandas Bhimji Zaveri Ltd,67.6,INE760L01018
521064,Trident Ltd.,51.9,INE064C01014
532356,Triveni Engineering & Industries Ltd.,53.5,INE256C01024
533655,Triveni Turbine Limited,124.85,INE152M01016
538597,TTI Enterprise Ltd,0.83,INE404F01023
517506,TTK Prestige Ltd,4911,INE690A01010
504973,Tube Investments Of India,553,INE149A01025
532515,TV Today Network,308.1,INE038F01029
532800,TV18 Broadcast Ltd,42.2,INE886H01027
532343,TVS Motor Co Ltd,325.85,INE494B01023
509243,TVS Srichakra Ltd,2601,INE421C01016
500464,Ucal Fuel Systems Ltd,159.1,INE139B01016
532505,UCO Bank,41.3,INE691A01018
500148,Uflex Ltd,244.25,INE516A01017
539141,UFO Moviez India Ltd,476.65,INE527H01019
533644,Ujaas Energy Ltd,22.15,INE899L01022
506690,Unichem Laboratories Ltd,269.2,INE351A01035
507878,Unitech Ltd,5.38,INE694A01020
517146,Usha Martin Ltd,13.7,INE228A01035
532765,Usher Agro Ltd,14.1,INE235G01011
513216,Uttam Galva Steels Ltd.,30.6,INE699A01011
539123,V B Industries Ltd,375.4,INE334E01017
532953,V-Guard Industries Ltd,190.45,INE951I01027
534976,V-Mart Retail Limited,516.3,INE665J01013
531266,V.S.T.Tillers Tractors Ltd.,1876.4,INE764D01017
533269,VA Tech Wabag Ltd,568.2,INE956G01038
519156,VADILAL INDU,582.6,INE694D01016
532156,Vaibhav Global Ltd,302.65,INE884A01019
511431,Vakrangee Ltd,195.9,INE051B01021
502986,Vardhman Textiles Ltd.,1001.3,INE825A01012
523261,Venky's India Ltd,440.1,INE398A01010
526953,Venus Remedies Ltd.,93.95,INE411B01019
532401,Vijaya Bank,38.6,INE705A01016
530961,Vikas Ecotech Ltd,14.57,INE806A01020
519307,Vikas WSP Ltd.,6.4,INE706A01022
519373,Vimal Oil & Foods Ltd,40.5,INE067D01015
524394,Vimta Labs Ltd.,92.2,INE579C01029
524200,Vinati Organics Ltd,594.45,INE410B01029
507880,VIP Industries Ltd,127.35,INE054A01027
511726,Vipul Ltd,70.5,INE946H01037
534741,Virtual Global Education Ltd,4.8,INE247C01023
506146,Visagar Polytex Ltd,2.09,INE370E01029
509055,Visaka Industries Ltd,180.65,INE392A01013
532660,Vivimed Labs Ltd,73.45,INE526G01021
532757,Voltamp Transformers,779.05,INE540H01012
500575,Voltas Ltd,390.6,INE226A01021
539118,VRL Logistics Ltd,291.55,INE366I01010
509966,VST Industries Ltd.,2302,INE710A01016
533023,WABCO India Ltd,6228.8,INE342J01019
507410,Walchandnagar Industries,155.25,INE711A01022
523660,Waterbase Ltd,105.3,INE054C01015
532144,Welspun Corp Ltd,81.5,INE191B01025
514162,Welspun India Ltd.,48.85,INE192B01031
500444,West Coast Paper Mills Ltd.,96.25,INE976A01021
500238,Whirlpool of India Ltd,918.35,INE716A01013
526586,WIM Plast Ltd,2651.85,INE015B01018
538268,Wonderla Holidays Ltd,405.05,INE066O01014
505872,Wpil Ltd,389.35,INE765D01014
533287,Zee Learn Ltd,36.4,INE565L01011
532794,Zee Media Corporation Limited,25.2,INE966H01019
533339,Zen Technologies Ltd,76.7,INE251B01027
504067,Zensar Technologies Ltd,1077.45,INE520A01019
505163,ZF Steering Gear India Ltd,1594.3,INE116C01012
531404,Zicom Electronic Security Systems Ltd,46.95,INE871B01014
534742,Zuari Agro Chemicals Ltd,183.6,INE840M01016
531335,Zydus Wellness Ltd,884.6,INE768C01010
